{"content":{"id":"6220","user_id":"6220","username":"shopgirl","first_name":"","last_name":"","gender":"Female","bio":"","picture":"","posts_sold":"0","posts_uploaded":"0","followers_count":"1","following_count":"5","city":"","is_featured":"0","address_present":"0","admin_control":"0","feature_photo":"","views":"3","login_provider":"email","email":"aditi.rohan@gmail.com","password":"$#r4XCsHxCH92","payload":"5abb08076cd085337b67e069a8513b23784fce8723ea46eb8207278943ccbeaa","user_type":"","facebook_id":"","google_id":"","device_token":"","created_at":"2015-05-01 09:14:57","updated_at":"0000-00-00 00:00:00","ban":"No","status":"active","login_number":"0","last_login_timestamp":"2015-06-13 14:01:08","session_id":"","verification_code":"0","is_verified_phone":"0","allow_email":"1"},"status":"success"}